source,target,weight
Daniel Webster,Isaac Van Zandt,1
A Friend of Treat in Mexico,a Friend of Treat in New Orleans Vitalba,1
A. de Saligny,Abner S. Lipscomb,1
A. de Saligny,Anson Jones,1
A. de Saligny,Anson Jones,1
A. de Saligny,Anson Jones,1
A. de Saligny,Anson Jones,1
A. de Saligny,Ashbel Smith,1
A. de Saligny,Ebenezer Allen,1
A. de Saligny,James S. Mayfield,1
A. de Saligny,James S. Mayfield,1
A. de Saligny,James S. Mayfield,1
A. de Saligny,James S. Mayfield,1
A. de Saligny,James S. Mayfield,1
A. de Saligny,James S. Mayfield,1
A. de Saligny,James S. Mayfield,1
A. de Saligny,Sam Houston,1
A. de Saligny,Secretary of State Mayfield,1
A. Gloux,Alleye de Cyprey,1
A. Hutchinson,James S. Mayfield,1
A. J. Donelson,Anson Jones,1
A. J. Donelson,Anson Jones,1
A. J. Donelson,Ebenezer Allen,1
A. J. Donelson,Ebenezer Allen,1
A. J. Donelson,Ebenezer Allen,1
A. J. Donelson,Ebenezer Allen,1
A. J. Donelson,Ebenezer Allen,1
A. J. Donelson,Secretary of State Allen,1
A. J. Yates,Stephen F. Austin,1
A. M. Green,Anson Jones,1
A. M. Green,Joseph Eve,1
A. P. Upshur,Isaac Van Zandt,1
A. S. Wright,Barnard E. Bee,1
A. S. Wright,Barnard E. Bee,1
A. S. Wright,Barnard E. Bee,1
A. S. Wright,Barnard E. Bee,1
A. S. Wright,Barnard E. Bee,1
A. S. Wright,Barnard E. Bee,1
A. S. Wright,Barnard E. Bee,1
A. S. Wright,Barnard E. Bee,1
A. S. Wright,Barnard E. Bee,1
A. S. Wright,John Merle,1
A. S. Wright,Mirabeau B. Lamar,1
A. S. Wright,Nathaniel Amory,1
A. S. Wright,William Bryan,1
A. S. Wright,Wm. Bryan,1
A. S. Wright,Wm. Bryan,1
A. S. Wright,Wm. Bryan,1
A. Somervell,M. C. Hamilton,1
A. T. Biimley,David G. Burnet,1
A. T. Burnley,Mirabeau B. Lamar,1
Abel Smith,Lord Aberdeen,1
Abb6 Anduz6,Mirabeau B. Lamar,1
Abner S. Lipscomb,Alc6e La Branche,1
Abner S. Lipscomb,Barnard E. Bee,1
Abner S. Lipscomb,Geo. H. Flood,1
Abner S. Lipscomb,Hamilton and Burnley,1
Abner S. Lipscomb,James Hamilton,1
Abner S. Lipscomb,James Hamilton,1
Abner S. Lipscomb,James Hamilton,1
Abner S. Lipscomb,James Hamilton and A. T. Bumley,1
Abner S. Lipscomb,James Treat,1
Abner S. Lipscomb,James Treat,1
Abner S. Lipscomb,James Treat,1
Abner S. Lipscomb,James Treat,1
Abner S. Lipscomb,R. Pakenham,1
Abner S. Lipscomb,Wm. Bryan,1
Address of Tilghman A. Howard,Anson Jones,1
Aflbbel Smith,Anson Jones,1
Al. Bourgeois,Ashbel Smith,1
Alleye de Cyprey,A. de Saligny,1
Anson Jones,A. de Saligny,1
Anson Jones,A. de Saligny,1
Anson Jones,A. J. Donelson,1
Anson Jones,A. M. Green,1
Anson Jones,Al. Bourgeois,1
Anson Jones,Ashbel Smith,1
Anson Jones,Ashbel Smith,1
Anson Jones,Ashbel Smith,1
Anson Jones,Ashbel Smith,1
Anson Jones,Ashbel Smith,1
Anson Jones,Ashbel Smith,1
Anson Jones,Ashbel Smith,1
Anson Jones,Ashbel Smith,1
Anson Jones,Ashbel Smith,1
Anson Jones,Ashbel Smith,1
Anson Jones,Ashbel Smith,1
Anson Jones,Ashbel Smith,1
Anson Jones,Ashbel Smith,1
Anson Jones,Ashbel Smith,1
Anson Jones,Ashbel Smith,1
Anson Jones,Ashbel Smith,1
Anson Jones,Ashbel Smith,1
Anson Jones,Ashbel Smith,1
Anson Jones,Charles Elliot,1
Anson Jones,Charles Elliot,1
Anson Jones,Charles Elliot,1
Anson Jones,Charles Elliot,1
Anson Jones,Charles Elliot,1
Anson Jones,Charles Elliot,1
Anson Jones,Charles Elliot,1
Anson Jones,Charles Elliot,1
Anson Jones,Charles Elliot,1
Anson Jones,Charles Elliot,1
Anson Jones,Charles H. Raymond,1
Anson Jones,Charles H. Raymond,1
Anson Jones,Charles H. Raymond,1
Anson Jones,G. W. Terrell,1
Anson Jones,George S. Mcintosh,1
Anson Jones,Isaac Van 2iandt,1
Anson Jones,Isaac Van Zandt,1
Anson Jones,Isaac Van Zandt,1
Anson Jones,Isaac Van Zandt,1
Anson Jones,Isaac Van Zandt,1
Anson Jones,Isaac Van Zandt,1
Anson Jones,Isaac Van Zandt,1
Anson Jones,Isaac Van Zandt,1
Anson Jones,Isaac Van Zandt,1
Anson Jones,Isaac Van Zandt,1
Anson Jones,Isaac Van Zandt,1
Anson Jones,Isaac Van Zandt,1
Anson Jones,Isaac Van Zandt,1
Anson Jones,Isaac Van Zandt,1
Anson Jones,Isaac Van Zandt,1
Anson Jones,Isaac Van Zandt,1
Anson Jones,Isaac Van Zandt,1
Anson Jones,Isaac Van Zandt,1
Anson Jones,J. Pinckney Henderson,1
Anson Jones,James Hamilton,1
Anson Jones,James Hamilton,1
Anson Jones,James Hamilton,1
Anson Jones,James K. Polk,1
Anson Jones,James K. Polk,1
Anson Jones,James K. Polk,1
Anson Jones,James Reily,1
Anson Jones,Joseph Eve,1
Anson Jones,Joseph Eve,1
Anson Jones,Joseph Eve,1
Anson Jones,Joseph Eve,1
Anson Jones,Sam Houston,1
Anson Jones,Van Zandt and Henderson,1
Anson Jones,Van Zandt and Henderson,1
Anson Jones,Victor Pirson,1
Anson Jones,Viscount J. de Cramayel,1
Anson Jones,Viscount J. de Cramayel,1
Anson Jones,Viscount J. de Cramayel,1
Anson Jones,Viscount J. de Cramayel,1
Anson Jones,Viscount J. de Cramayel,1
Anson Jones,W. S. Murphy,1
Anson Jones,William Kennedy,1
Anson Jones,Wm. Henry Daingerfield,1
Anson Jones,Wm. Henry Daingerfield,1
Anson Jones,Wm. Henry Daingerfield,1
Anson Jones,Wm. Henry Daingerfield,1
Anson Jones,Zachary Taylor,1
Anson Joness reply,Howard *s address 294,1
Anto. Lopez de Santa Anna,David G. Burnet,1
Anto. Lopez de Santa Anna,David G. Burnet,1
Anto. Lopez de Santa Anna,David G. Burnet,1
Anto. Lopez de Santa Anna,Sam Houston,1
Antonio Canales,Mirabeau B. Lamar,1
Arthur Ikin,Anson Jones,1
Arthur Ikin,Ashbel Smith,1
Arthur Ikin,James S. Mayfield,1
Ashbel Smith,A. de Saligny,1
Ashbel Smith,A. de Saligny,1
Ashbel Smith,A. J. Donelson,1
Ashbel Smith,Al. Bourgeois,1
Ashbel Smith,Anson Jones,1
Ashbel Smith,Anson Jones,1
Ashbel Smith,Anson Jones,1
Ashbel Smith,Anson Jones,1
Ashbel Smith,Anson Jones,1
Ashbel Smith,Anson Jones,1
Ashbel Smith,Anson Jones,1
Ashbel Smith,Anson Jones,1
Ashbel Smith,Anson Jones,1
Ashbel Smith,Anson Jones,1
Ashbel Smith,Anson Jones,1
Ashbel Smith,Anson Jones,1
Ashbel Smith,Anson Jones,1
Ashbel Smith,Anson Jones,1
Ashbel Smith,Anson Jones,1
Ashbel Smith,Anson Jones,1
Ashbel Smith,Anson Jones,1
Ashbel Smith,Anson Jones,1
Ashbel Smith,Anson Jones,1
Ashbel Smith,Anson Jones,1
Ashbel Smith,Anson Jones,1
Ashbel Smith,Anson Jones,1
Ashbel Smith,Anson Jones,1
Ashbel Smith,Anson Jones,1
Ashbel Smith,Anson Jones,1
Ashbel Smith,Anson Jones,1
Ashbel Smith,Anson Jones,1
Ashbel Smith,Anson Jones,1
Ashbel Smith,Anson Jones,1
Ashbel Smith,Anson Jones,1
Ashbel Smith,Anson Jones,1
Ashbel Smith,Anson Jones,1
Ashbel Smith,Anson Jones,1
Ashbel Smith,Anson Jones,1
Ashbel Smith,Anson Jones,1
Ashbel Smith,Anson Jones,1
Ashbel Smith,Anson Jones,1
Ashbel Smith,Anson Jones,1
Ashbel Smith,Anson Jones,1
Ashbel Smith,Anson Jones,1
Ashbel Smith,Anson Jones,1
Ashbel Smith,Anson Jones,1
Ashbel Smith,Anson Jones,1
Ashbel Smith,Anson Jones,1
Ashbel Smith,Anson Jones,1
Ashbel Smith,Anson Jones,1
Ashbel Smith,Anson Jones,1
Ashbel Smith,Anson Jones,1
Ashbel Smith,Anson Jones,1
Ashbel Smith,Anson Jones,1
Ashbel Smith,Anson Jones,1
Ashbel Smith,Anson Jones,1
Ashbel Smith,Anson Jones,1
Ashbel Smith,Anson Jones,1
Ashbel Smith,Anson Jones,1
Ashbel Smith,Anson Jones,1
Ashbel Smith,Anson Jones,1
Ashbel Smith,Anson Jones,1
Ashbel Smith,Anson Jones,1
Ashbel Smith,Anson Jones,1
Ashbel Smith,Anson Jones,1
Ashbel Smith,Anson Jones,1
Ashbel Smith,Arthur Ikin,1
Ashbel Smith,Baron de Cetto,1
Ashbel Smith,Charles H. Raymond,1
Ashbel Smith,Charles H. Raymond,1
Ashbel Smith,Ebenezer Allen,1
Ashbel Smith,Edward Everett,1
Ashbel Smith,Edward Everett,1
Ashbel Smith,Edward Everett,1
Ashbel Smith,Edward Everett,1
Ashbel Smith,General Sancho,1
Ashbel Smith,Geo. S. Mcintosh,1
Ashbel Smith,Geo. S. Mcintosh,1
Ashbel Smith,Geo. S. Mcintosh,1
Ashbel Smith,Geo. S. Mcintosh,1
Ashbel Smith,H. U. Addington,1
Ashbel Smith,Henry Castro,1
Ashbel Smith,Isaac Van Zandt,1
Ashbel Smith,Isaac Van Zandt,1
Ashbel Smith,James Reily,1
Ashbel Smith,Joseph Hume,1
Ashbel Smith,Lachlin M. Rate,1
Ashbel Smith,Lachlin M. Rate,1
Ashbel Smith,Lord Aberdeen,1
Ashbel Smith,Lord Aberdeen,1
Ashbel Smith,Lord Aberdeen,1
Ashbel Smith,Lord Aberdeen,1
Ashbel Smith,Lord Aberdeen,1
Ashbel Smith,Lord Aberdeen,1
Ashbel Smith,Lord Aberdeen,1
Ashbel Smith,Lord Aberdeen,1
Ashbel Smith,Lord Aberdeen,1
Ashbel Smith,Lord Aberdeen,1
Ashbel Smith,Lord Aberdeen,1
Ashbel Smith,Lord Aberdeen,1
Ashbel Smith,M. Guizot,1
Ashbel Smith,M. Guizot,1
Ashbel Smith,M. Guizot,1
Ashbel Smith,M. Guizot,1
Ashbel Smith,M. Guizot,1
Ashbel Smith,M. Guizot,1
Ashbel Smith,M. Guizot,1
Ashbel Smith,M. Guizot,1
Ashbel Smith,M. Guizot,1
Ashbel Smith,M. P. Russell,1
Ashbel Smith,Martinez de La Rosa,1
Ashbel Smith,Samuel Amory,1
Ashbel Smith,Secretary of State Allen,1
Ashbel Smith,Stewart Newell,1
Ashbel Smith,Texan Consuls,1
Ashbel Smith,Theodore Barbey,1
Ashbel Smith,Theodore Barbey,1
Ashbel Smith,Washington Irving,1
Ashbel Smith,Wm. Henry Daingerfield,1
Ashbel Smith,Wm. Henry Daingerfield,1
Ashbel Smith,Wm. Henry Daingerfield,1
Ashbel Smith,Wm. Henry Daingerfield,1
Ashbel Smith,Wm. Henry Daingerfield,1
Ashbel Smith,Wm. Henry Daingerfield,1
Ashbel Smith,Wm. Pringle,1
Ashbel Smith,Wm. Pringle,1
Balie Peyton,M. S. CucuUu,1
BaniaxdE. Bee,James Webb,1
Barnard E. Bee,David G. Burnet,1
Barnard E. Bee,James Treat,1
Barnard E. Bee,James Webb,1
Barnard E. Bee,James Webb,1
Barnard E. Bee,James Webb,1
Barnard E. Bee,James Webb,1
Barnard E. Bee,James Webb,1
Barnard E. Bee,James Webb,1
Barnard E. Bee,James Webb,1
Barnard E. Bee,James Webb,1
Barnard E. Bee,James Webb,1
Barnard E. Bee,James Webb,1
Barnard E. Bee,James Webb,1
Barnard E. Bee,James Webb,1
Barnard E. Bee,James Webb,1
Barnard E. Bee,James Webb,1
Barnard E. Bee,James Webb,1
Barnard E. Bee,James Webb,1
Barnard E. Bee,James Webb,1
Barnard E. Bee,James Webb,1
Barnard E. Bee,James Webb,1
Barnard E. Bee,Sam Houston,1
Barnard E. Bee,Secretary of State Lipscomb,1
Barnard E. Bee,Secretary of State Lipscomb,1
Baron de Cetto,Ashbel Smith,1
Brenham and Cooke,Secretary of State Roberts,1
Certificate of Exchange of Ratification of Convention as,Debt be-,1
Charles de Castell,Al. Bourgeois,1
Charles Elliot,Anson Jones,1
Charles Elliot,Anson Jones,1
Charles Elliot,Anson Jones,1
Charles Elliot,Anson Jones,1
Charles Elliot,Anson Jones,1
Charles Elliot,Anson Jones,1
Charles Elliot,Anson Jones,1
Charles Elliot,Anson Jones,1
Charles Elliot,Anson Jones,1
Charles Elliot,Anson Jones,1
Charles Elliot,Anson Jones,1
Charles Elliot,Anson Jones,1
Charles Elliot,Anson Jones,1
Charles Elliot,Anson Jones,1
Charles Elliot,Anson Jones,1
Charles Elliot,Ashbel Smith,1
Charles Elliot,Ebenezer Allen,1
Charles Elliot,G. W. Terrell,1
Charles Elliot,G. W. Terrell,1
Charles Elliot,G. W. Terrell,1
Charles Elliot,Secretary of State Jones,1
Charles H. Raymond,Anson Jones,1
Charles H. Raymond,Anson Jones,1
Charles H. Raymond,Anson Jones,1
Charles H. Raymond,Anson Jones,1
Charles H. Raymond,Ashbel Smith,1
Charles H. Raymond,Ebenezer Allen,1
Charles H. Raymond,Ebenezer Allen,1
Charles H. Raymond,Ebenezer Allen,1
Charles H. Raymond,Ebenezer Allen,1
Charles H. Raymond,Ebenezer Allen,1
Charles H. Raymond,Ebenezer Allen,1
Charles H. Raymond,Ebenezer Allen,1
Charles H. Raymond,Ebenezer Allen,1
Charles H. Raymond,Ebenezer Allen,1
Charles H. Raymond,Ebenezer Allen,1
Charles H. Raymond,John C. Calhoun,1
Charles H. Raymond,John C. Calhoun,1
Charles H. Raymond,John C. Calhoun,1
Charles H. Raymond,John C. Calhoun,1
Charles H. Raymond,John C. Calhoun,1
Charles H. Raymond,the Secretary of State of Texas Allen,1
Charles H. Raymond,the Secretary of State of Texas Jones,1
Chas. H. Raymond,Anson Jones,1
Chas. H. Raymond,Anson Jones,1
Correspondent at Vera Cruz,David G. Burnet,1
Correspondent in Tampico,T. Toby,1
Correspondent in Tampico,T. Toby,1
Count Mol6,J. Pinckney Henderson,1
Count Mol6,J. Pinckney Henderson,1
Count Mol6,J. Pinckney Henderson,1
D. Parker,John C. Calhoun,1
D. Rowlett,David G. Bumet,1
D. Rowlett,David G. Bumet,1
DaAdd G. Burnet,James Treat,1
David G. Bumet,Alc6e La Branche,1
David G. Bumet,Alc6e La Branche,1
David G. Bumet,Alc6e La Branche,1
David G. Bumet,Richard G. Dunlap,1
David G. Burnet,Alc6e La Branche,1
David G. Burnet,Alc6e La Branche,1
David G. Burnet,Alc6e La Branche,1
David G. Burnet,Anto. Lopez de Santa Anna,1
David G. Burnet,Anto. Lopez de Santa Anna,1
David G. Burnet,Anto. Lopez de Santa Anna,1
David G. Burnet,Anto. Lopez de Santa Anna,1
David G. Burnet,J. Pinckney Henderson,1
David G. Burnet,James Hamilton,1
David G. Burnet,James Hamilton,1
David G. Burnet,James Hamilton,1
David G. Burnet,James Treat,1
David G. Burnet,James Treat,1
David G. Burnet,R. Pakenham,1
David G. Burnet,R. Pakenham,1
David G. Burnet,Richard G. Dunlap,1
David G. Burnet,Richard G. Dunlap,1
David S. Kaufman,Ebenezer Allen,1
David S. Kaufman,Ebenezer Allen,1
David S. Kaufman,James Buchanan,1
Declaration of Wyse as,goods shipped on Santa Maria,1
Duff Green,A. J. Donelson,1
E. A. Rhodes,Ebenezer Allen,1
E. A. Rhodes,Ebenezer Allen,1
E. W. Moore,Abner S. Lipscomb,1
E. W. Moore,James Buchanan,1
E. W. Moore,James Treat,1
E. W. Moore,James Treat,1
E. W. Moore,Joaquin Rivas Sayas,1
E. W. Moore,Muabeau B. Lamar,1
E. W. Moore,PedrffLemus,1
Ebenezer Allen,A. de Saligny,1
Ebenezer Allen,A. J. Donelson,1
Ebenezer Allen,A. J. Donelson,1
Ebenezer Allen,A. J. Donelson,1
Ebenezer Allen,Ashbel Smith,1
Ebenezer Allen,Ashbel Smith,1
Ebenezer Allen,Charles Elliot,1
Ebenezer Allen,Charles Elliot,1
Ebenezer Allen,Charles H. Raymond,1
Ebenezer Allen,Charles H. Raymond,1
Ebenezer Allen,Charles H. Raymond,1
Ebenezer Allen,David S. Kaufman,1
Ebenezer Allen,David S. Kaufman,1
Ebenezer Allen,David S. Kaufman,1
Ebenezer Allen,E. A. Rhodes,1
Ebenezer Allen,William D. Lee,1
Ebenezer Allen,William Kennedy,1
Eddy and Moss,the collector of the customs at New Orleans,1
Edward Everett,Ashbel Smith,1
Edward Everett,Ashbel Smith,1
Edward Everett,Ashbel Smith,1
Edward Everett,Ashbel Smith,1
Edward Everett,Ashbel Smith,1
Fran. Pizarro Martinez,Stephen F. Austin,1
G . W. TerreU,M. Guizot,1
G. Loomis,W. W. S. Bliss,1
G. W. Hill,Adrian Woll,1
G. W. Terrell,Ashbel Smith,1
G. W. Terrell,Ashbel Smith,1
G. W. Terrell,Ashbel Smith,1
G. W. Terrell,Ashbel Smith,1
G. W. Terrell,Ashbel Smith,1
G. W. Terrell,Ashbel Smith,1
G. W. Terrell,Ashbel Smith,1
G. W. Terrell,Ashbel Smith,1
G. W. Terrell,Ashbel Smith,1
G. W. Terrell,Charles Elliot,1
G. W. Terrell,Charles Elliot,1
G. W. Terrell,Lord Aberdeen,1
G. W. Terrell,Lord Clarendon,1
G. W. Terrell,Wm. Henry Daingerfield,1
G. W. Terrell,Wm. Henry Daingerfield,1
Gabriel Shaw,Ashbel Smith,1
Geo. Fisher,Anson Jones,1
Geo. H. Flood,James S. Mayfield,1
Geo. H. Flood,James S. Mayfield,1
Geo. L. Hammeken,James Hamilton,1
Geo. L. Hammeken,James Webb,1
Geo. S. Mcintosh,Ashbel Smith,1
Geo. S. Mcintosh,Ashbel Smith,1
Geo. S. Mcintosh,James S. Mayfield,1
Geo. S. Mcintosh,M. Guizot,1
Geo. S. Mcintosh,M. Guizot,1
Geo. S. Mcintosh,M. Guizot,1
Geo. S. Mcintosh,Mirabeau B. Lamar,1
Geo. S. Mcintosh,Secretary of State Roberts,1
Geo. W. Hockley,Sam Houston,1
Geo. W. Hockley,Sam Houston,1
H. S. Fox,James Hamilton,1
H. U. Addington,James Hamilton,1
Hamilton and Burnley,James H. Starr,1
Hamilton and Burnley,Mirabeau B. Lamar,1
Henry Castro,Anson Jones,1
Henry Castro,Ashbel Smith,1
Henry Castro,Ashbel Smith,1
Henry Castro,Ashbel Smith,1
Henry Castro,Ashbel Smith,1
Henry Castro,Ashbel Smith,1
Henry Castro,Ashbel Smith,1
Henry J. Jewett,James S. Mayfield,1
Henry J. Jewett,James S. Mayfield,1
Holford &amp; Co. to Ashbel Smith, undated 1159,1
Ird Palmerston,J. Pinckney Henderson,1
Ignacio de Mora,James Webb,1
Information given by Henry J. Jewett,A. Hutchinson,1
Instructions,Peraza,1
Isaac Van Zandt,A. P. Upshur,1
Isaac Van Zandt,Anson Jones,1
Isaac Van Zandt,Anson Jones,1
Isaac Van Zandt,Anson Jones,1
Isaac Van Zandt,Anson Jones,1
Isaac Van Zandt,Anson Jones,1
Isaac Van Zandt,Anson Jones,1
Isaac Van Zandt,Anson Jones,1
Isaac Van Zandt,Anson Jones,1
Isaac Van Zandt,Anson Jones,1
Isaac Van Zandt,Anson Jones,1
Isaac Van Zandt,Anson Jones,1
Isaac Van Zandt,Anson Jones,1
Isaac Van Zandt,Anson Jones,1
Isaac Van Zandt,Anson Jones,1
Isaac Van Zandt,Anson Jones,1
Isaac Van Zandt,Anson Jones,1
Isaac Van Zandt,Anson Jones,1
Isaac Van Zandt,Anson Jones,1
Isaac Van Zandt,Anson Jones,1
Isaac Van Zandt,Anson Jones,1
Isaac Van Zandt,Anson Jones,1
Isaac Van Zandt,Anson Jones,1
Isaac Van Zandt,Anson Jones,1
Isaac Van Zandt,Anson Jones,1
Isaac Van Zandt,Anson Jones,1
Isaac Van Zandt,Anson Jones,1
Isaac Van Zandt,Anson Jones,1
Isaac Van Zandt,Anson Jones,1
Isaac Van Zandt,Anson Jones,1
Isaac Van Zandt,Anson Jones,1
Isaac Van Zandt,Anson Jones,1
Isaac Van Zandt,Anson Jones,1
Isaac Van Zandt,Anson Jones,1
Isaac Van Zandt,Daniel Webster,1
Isaac Van Zandt,William S. Archer,1
J. C. Spencer,Isaac Van Zandt,1
J. H. Brower,Isaac Van Zandt,1
J. H. Brower,Isaac Van Zandt,1
J. H. Brower,Isaac Van Zandt,1
J. M. Porter,H. S. Legar,1
J. Pinckney Henderson,Barnard E. Bee,1
J. Pinckney Henderson,Barnard E. Bee,1
J. Pinckney Henderson,Count Mol6,1
J. Pinckney Henderson,Count Mol6,1
J. Pinckney Henderson,Count Mol6,1
J. Pinckney Henderson,Count Mol6,1
J. Pinckney Henderson,Count Mol6,1
J. Pinckney Henderson,Count Mol6,1
J. Pinckney Henderson,Count Mol6,1
J. Pinckney Henderson,Count Mol6,1
J. Pinckney Henderson,David G. Burnet,1
J. Pinckney Henderson,James Webb,1
J. Pinckney Henderson,James Webb,1
J. Pinckney Henderson,James Webb,1
J. Pinckney Henderson,Lizardi &lt;k Co.,1
J. Pinckney Henderson,Lord Palmerston,1
J. Pinckney Henderson,Lord Palmerston,1
J. Pinckney Henderson,Lord Palmerston,1
J. Pinckney Henderson,Lord Palmerston,1
J. Pinckney Henderson,Lord Palmerston,1
J. Pinckney Henderson,Lord Palmerston,1
J. Pinckney Henderson,Lord Palmerston,1
J. Pinckney Henderson,Lord Palmerston,1
J. Pinckney Henderson,Lord Palmerston,1
J. Pinckney Henderson,Lord Palmerston,1
J. Pinckney Henderson,Lord Palmerston,1
J. Pinckney Henderson,Lord Palmerston,1
J. Pinckney Henderson,Mirabeau B. Lamar,1
J. Pinckney Henderson,Mirabeau B. Lamar,1
J. Pinckney Henderson,R. A. Irion,1
J. Pinckney Henderson,R. A. Irion,1
J. Pinckney Henderson,R. A. Irion,1
J. Pinckney Henderson,R. A. Irion,1
J. Pinckney Henderson,R. A. Irion,1
J. Pinckney Henderson,R. A. Irion,1
J. Pinckney Henderson,R. A. Irion,1
J. Pinckney Henderson,R. A. Irion,1
J. Pinckney Henderson,Secretary of State,1
J. Pinckney Henderson,Secretary of State,1
J. Pinckney Henderson,Secretary of State Bee,1
J. Pinckney Henderson,Secretary of State Burnet,1
J. Pinckney Henderson,Secretary of State Burnet,1
J. Pinckney Henderson,Secretary of State Burnet,1
J. Pinckney Henderson,Secretary of State Burnet,1
J. Pinckney Henderson,Secretary of State Burnet,1
J. Pinckney Henderson,Secretary of State Burnet,1
J. Pinckney Henderson,Secretary of State Irion,1
J. Pinckney Henderson,Secretary of State Irion,1
J. Pinckney Henderson,Secretary of State Irion,1
J. Pinckney Henderson,Secretary of State Irion,1
J. Pinckney Henderson,Secretary of State Irion,1
J. R. Poinsett,James Hamilton,1
J. Y. Mason,E. A. Rhodes,1
Jacob Barker,Barnard E. Bee,1
Jacob Snively,Geo. W. HUl,1
Jamee HamUton,R. Pakenham,1
James Buchanan,E. W. Moore,1
James Buchanan,William D. Lee,1
James H. Starr,Wm. Sevey,1
James Hamilton,Abner S. Lipscomb,1
James Hamilton,Abner S. Lipscomb,1
James Hamilton,Abner S. Lipscomb,1
James Hamilton,Abner S. Lipscomb,1
James Hamilton,Abner S. Lipscomb,1
James Hamilton,Abner S. Lipscomb,1
James Hamilton,Abner S. Lipscomb,1
James Hamilton,Abner S. Lipscomb,1
James Hamilton,Abner S. Lipscomb,1
James Hamilton,Abner S. Lipscomb,1
James Hamilton,Abner S. Lipscomb,1
James Hamilton,Abner S. Lipscomb,1
James Hamilton,Abner S. Lipscomb,1
James Hamilton,Abner S. Lipscomb,1
James Hamilton,Anson Jones,1
James Hamilton,Anson Jones,1
James Hamilton,Anson Jones,1
James Hamilton,Anson Jones,1
James Hamilton,Anson Jones,1
James Hamilton,Anson Jones,1
James Hamilton,Anson Jones,1
James Hamilton,Anson Jones,1
James Hamilton,David G. Burnet,1
James Hamilton,David G. Burnet,1
James Hamilton,David G. Burnet,1
James Hamilton,H. S. Fox,1
James Hamilton,Henry Castro,1
James Hamilton,James S. Mayfield,1
James Hamilton,James S. Mayfield,1
James Hamilton,James S. Mayfield,1
James Hamilton,Lord Palmerston,1
James Hamilton,Lord Palmerston,1
James Hamilton,Lord Palmerston,1
James Hamilton,Lords of the Treasury,1
James Hamilton,M. Guizot,1
James Hamilton,M. Guizot,1
James Hamilton,M. Guizot,1
James Hamilton,Mirabeau B. Lamar,1
James Hamilton,Mirabeau B. Lamar,1
James Hamilton,Mirabeau B. Lamar,1
James Hamilton,Mirabeau B. Lamar,1
James Hamilton,Mirabeau B. Lamar,1
James Hamilton,Mirabeau B. Lamar,1
James Hamilton,Mirabeau B. Lamar,1
James Hamilton,Mirabeau B. Lamar,1
James Hamilton,Monroe Edwards,1
James Hamilton,Nathaniel Amory,1
James Hamilton,R. Copeland,1
James Hamilton,R. Pakenham,1
James Hamilton,Samuel A. Roberts,1
James Hamilton,Secretary of State Roberts,1
James Hamilton,Senior Officer of British Navy,1
James S. Mayfield,A. de Saligny,1
James S. Mayfield,A. de Saligny,1
James S. Mayfield,A. de Saligny,1
James S. Mayfield,A. de Saligny,1
James S. Mayfield,A. de Saligny,1
James S. Mayfield,A. de Saligny,1
James S. Mayfield,A. de Saligny,1
James S. Mayfield,Barnard E. Bee,1
James S. Mayfield,Barnard E. Bee,1
James S. Mayfield,Barnard E. Bee,1
James S. Mayfield,Geo. H. Flood,1
James S. Mayfield,Geo. H. Flood,1
James S. Mayfield,Geo. S. Mcintosh,1
James S. Mayfield,Geo. S. Mcintosh,1
James S. Mayfield,Henry J. Jewett,1
James S. Mayfield,Henry J. Jewett,1
James S. Mayfield,James Hamilton,1
James S. Mayfield,James Hamilton,1
James S. Mayfield,James Webb,1
James S. Mayfield,Nathaniel Amory,1
James S. Mayfield,Thos. Gales Forster,1
James S. Mayfield,Wm. Henry Daingerfield,1
James Treat,Abner S. Lipscomb,1
James Treat,Abner S. Lipscomb,1
James Treat,Abner S. Lipscomb,1
James Treat,Abner S. Lipscomb,1
James Treat,Abner S. Lipscomb,1
James Treat,Abner S. Lipscomb,1
James Treat,Abner S. Lipscomb,1
James Treat,Abner S. Lipscomb,1
James Treat,Abner S. Lipscomb,1
James Treat,Abner S. Lipscomb,1
James Treat,Abner S. Lipscomb,1
James Treat,David G. Bumet,1
James Treat,David G. Burnet,1
James Treat,David G. Burnet,1
James Treat,David G. Burnet,1
James Treat,David G. Burnet,1
James Treat,David G. Burnet,1
James Treat,David G. Burnet,1
James Treat,David G. Burnet,1
James Treat,David G. Burnet,1
James Treat,David G. Burnet,1
James Treat,E. W. Moore,1
James Treat,E. W. Moore,1
James Treat,E. W. Moore,1
James Treat,James Hamilton,1
James Treat,James Ritchie,1
James Treat,Juan de Dios CaAedo,1
James Treat,Juan de Dios Cafiedo,1
James Treat,Juan de Dios Cafiedo,1
James Treat,Juan de Dios Cafiedo,1
James Treat,Juan de Dios Cafiedo,1
James Treat,Juan de Dios Cafiedo,1
James Treat,Juan de Dios Cafiedo,1
James Treat,Juan de Dios Cafiedo,1
James Treat,Juan de Dios Cafiedo,1
James Treat,Juan Nepomuceno Almonte,1
James Treat,Mirabeau B. Imar,1
James Treat,Mirabeau B. Imar,1
James Treat,Mirabeau B. Imar,1
James Treat,Mirabeau B. Lamar,1
James Treat,Mirabeau B. Lamar,1
James Treat,Mirabeau B. Lamar,1
James Treat,Mirabeau B. Lamar,1
James Treat,Mirabeau B. Lamar,1
James Treat,Mirabeau B. Lamar,1
James Treat,Mirabeau B. Lamar,1
James Treat,Mirabeau B. Lamar,1
James Treat,Mirabeau B. Lamar,1
James Treat,Mirabeau B. Lamar,1
James Treat,Mirabeau B. Lamar,1
James Treat,Mirabeau B. Lamar,1
James Treat,Mirabeau B. Lamar,1
James Treat,Mirabeau B. Lamar,1
James Treat,Mirabeau B. Lamar,1
James Treat,Mirabeau B. Lamar,1
James Treat,Mirabeau B. Lamar,1
James Treat,Mirabeau B. Lamar,1
James Treat,Mirabeau B. Lamar,1
James Treat,Mirabeau B. Lamar,1
James Treat,Mirabeau B. Lamar,1
James Treat,Mirabeau B. Lamar,1
James Treat,Mirabeau B. Lamar,1
James Treat,Mirabeau B. Lamar,1
James Treat,Mirabeau B. Lamar,1
James Treat,Mirabeau B. Lamar,1
James Treat,Mirabeau B. Lamar,1
James Treat,Mirabeau B. Lamar,1
James Treat,Mirabeau B. Lamar,1
James Treat,Mirabeau B. Lamar,1
James Treat,Mirabeau B. Lamar,1
James Treat,Mirabeau B. Lamar,1
James Treat,Mirabeau B. Lamar,1
James Treat,Mirabeau B. Lamar,1
James Treat,Mirabeau B. Lamar,1
James Treat,Mirabeau B. Lamar,1
James Treat,R. Pakenham,1
James Treat,R. Pakenham,1
James Treat,R. Pakenham,1
James Treat,R. Pakenham,1
James Treat,Secretary of State Lipscomb,1
James Webb,Abb6 Anduz6,1
James Webb,Admiral Baudin,1
James Webb,Alc6e La Branche,1
James Webb,Barnard E. Bee,1
James Webb,Barnard E. Bee,1
James Webb,Barnard E. Bee,1
James Webb,Ignacio de Mora,1
James Webb,James S. Mayfield,1
James Webb,Mirabeau B. Lamar,1
James Webb,R. Pakenham,1
James Webb,R. Pakenham,1
Jas. Ogilvy,R. Pakenham,1
Jas. Ogilvy,R. Pakenham,1
Jesse Benton,Anson Jones,1
Joaquin G. Rej6n,President of Texas,1
Joaquin G. Rej6n,Secretary of State Waples,1
Joaquin G. Rej6n,Secretary of State Waples,1
Joaquin Rivas Sayas,E. W. Moore,1
John C. Calhoun,Charles H. Raymond,1
John C. Calhoun,Charles H. Raymond,1
John C. Calhoun,Charles H. Raymond,1
John Crawford,Mirabeau B. Lamar,1
John D. Morris,Samuel A. Roberts,1
John D. Morris,Samuel A. Roberts,1
John Emberson,Albert Sidney Johnston,1
John Hall,William Kennedy,1
John Taylor,Mirabeau B. Lamar,1
Joseph C. Eldredge,E. A. Rhodes,1
Joseph Eve,Anson Jones,1
Joseph Eve,Anson Jones,1
Joseph Eve,Anson Jones,1
Joseph Eve,Anson Jones,1
Joseph Eve,Anson Jones,1
Joseph Eve,Joseph Waples,1
Joseph Eve,President of Texas,1
Joseph Hume,Ashbel Smith,1
Joseph W. Robertson,Anson Jones,1
Joseph Waples,Barnard E. Bee,1
Joseph Waples,Charles Elliot,1
Joseph Waples,Geo. H. Flood,1
Joseph Waples,Geo. H. Flood,1
Joseph Waples,Geo. H. Flood,1
Joseph Waples,Nathaniel Amory,1
Joseph Waples,Wm. Bryan,1
Juan de Dies Cafiedo,R. Pakenham,1
Juan de Dies Cafiedo,R. Pakenham,1
Juan N. Leplicher,Nathaniel Amory,1
Juan Vitalba,Mirabeau B. Lamar,1
Lachlin M. Rate,Ashbel Smith,1
Lachlin M. Rate,Ashbel Smith,1
Lewis Cass,J. Pinckney Henderson,1
List of negro subjects of Great Britain alleged,be held in slavery in Texas,1
Lord Aberdeen,Ashbel Smith,1
Lord Aberdeen,Ashbel Smith,1
Lord Aberdeen,Ashbel Smith,1
Lord Aberdeen,Ashbel Smith,1
Lord Aberdeen,Ashbel Smith,1
Lord Aberdeen,Ashbel Smith,1
Lord Aberdeen,Charles Elliot,1
Lord Aberdeen,the Secretary of State of Texas Jones,1
Lord Palmerston,J. Pinckney Henderson,1
Lord Palmerston,J. Pinckney Henderson,1
Lord Palmerston,J. Pinckney Henderson,1
Lord Palmerston,J. Pinckney Henderson,1
Lord Palmerston,J. Pinckney Henderson,1
Lord Palmerston,J. Pinckney Henderson,1
Lord Palmerston,James Hamilton,1
Lord Palmerston,James Hamilton,1
Lord Palmerston,James Hamilton,1
Lord Palmerston,Mirabeau B. Lamar,1
lx)rd Aberdeen,Ashbel Smith,1
M. C. Hamilton,Jacob Snively,1
M. E. Hale,Joseph Eve,1
M. Guizot,Anson Jones,1
M. Guizot,Ashbel Smith,1
M. Guizot,Ashbel Smith,1
M. Guizot,Ashbel Smith,1
M. Guizot,Ashbel Smith,1
M. Guizot,Ashbel Smith,1
M. Guizot,Ashbel Smith,1
M. Guizot,Ashbel Smithy undated i 1442,1
M. Guizot,Geo. S. Mcintosh,1
M. P. Russell,Ashbel Smith,1
M. P. Russell,Ashbel Smith,1
M. P. Russell,Ashbel Smith,1
M.S. CucuUu,John C. Spencer,1
Mariano Arista,Van Ness and Morris,1
Martin F. Peraza,Samuel A. Roberts,1
Martin F. Peraza,Samuel A. Roberts,1
Memorandum communicated by Treat,Mexican Government,1
Memorandum concerning War Steamers,be used against Texas,1
Memorandum relative,Saligny s investments in Texan bonds 1368,1
Miguel Barbachano,Mirabeau B. Lamar,1
Mirabeau B. Lamar,E. W. Moore,1
Mirabeau B. Lamar,Governor of Yucatan,1
Mirabeau B. Lamar,James Treat,1
Mirabeau B. Lamar,Lord Russell,1
Mirabeau B. Lamar,Mariano Arista,1
Nathaniel Amory,Abner S. Lipscomb,1
Nathaniel Amory,Geo. S. Mcintosh,1
Nathaniel Amory,James Hamilton,1
Nathaniel Amory,James Hamilton,1
Nathaniel Amory,Richard G. Dunlap,1
Nathaniel Amory,Richard G. Dunlap,1
Pedro Lemus,E. W. Moore,1
Pedro Lemus,Secretary of State Rej6n,1
Percy W. Doyle,Charles Elliot,1
Petition of Joseph Cooper,the Texan minister,1
Propositions of Texas,Mexico,1
R. A. Irion,Agent of Lloyds,1
R. A. Irion,J. Pinckney Henderson,1
R. A. Irion,J. Pinckney Henderson,1
R. A. Irion,J. Pinckney Henderson,1
R. A. Irion,J. Pinckney Henderson,1
R. A. Irion,J. Pinckney Henderson,1
R. A. Irion,J. Pinckney Henderson,1
R. A. Irion,J. Pinckney Henderson,1
R. A. Irion,J. Pinckney Henderson,1
R. A. Irion,J. Pinckney Henderson,1
R. J. Walker,Hiram G. Runnels,1
R. Jones,the Secretary of War of the United States,1
R. Jones,W. Davenport and G. Loomis,1
R. Jones,Zachary Taylor,1
R. Pakenham,David G. Burnet,1
R. Pakenham,James Hamilton,1
R. Pakenham,James S. Mayfield,1
R. Pakenham,James Treat,1
R. Pakenham,James Treat,1
R. Pakenham,James Treat,1
R. Pakenham,James Treat,1
R. Pakenham,James Treat,1
R. Pakenham,James Treat,1
R. Pakenham,James Webb,1
R. Sieveking,Wm. Henry Daingerfield,1
Reply of the King of France,Terrells address,1
Reuben M. Potter,A. M. Green,1
Reuben M. Potter,Ashbel Smith,1
Sam Houston,A. B. Roman,1
Sam Houston,A. B. Roman,1
Sam Houston,A. de Saligny,1
Sam Houston,Anson Jones,1
Sam Houston,Ashbel Smith,1
Sam Houston,Charles Elliot,1
Sam Houston,J. Pinckney Henderson,1
Sam Houston,Joseph Eve,1
Sam Houston,Joseph Eve,1
Sam Houston,Joseph Eve,1
Sam Houston,Secretary of State Jones,1
Sam Houston,Van Zandt and Henderson,1
Sam Houston,Van Zandt and Henderson,1
Sam Houston,Van Zandt and Henderson,1
Sam Houston,Van Zandt and Henderson,1
Sam Houston,Viscount J. de Cramayel,1
Samuel A. Roberts,Barnard E. Bee,1
Samuel A. Roberts,Barnard E. Bee,1
Samuel A. Roberts,Barnard E. Bee,1
Samuel A. Roberts,Cooke and others,1
Samuel A. Roberts,Geo. S. Mcintosh,1
Samuel A. Roberts,James Hamilton,1
Samuel A. Roberts,James Webb,1
Samuel A. Roberts,Joseph Eve,1
Samuel A. Roberts,Joseph Eve,1
Samuel A. Roberts,Martin F. Peraza,1
Samuel A. Roberts,Rafael Uribe,1
Samuel A. Roberts,Van Ness and Morris,1
Samuel A. Roberts,Wm. G. Cooke,1
Samuel Amory,George K. Teulon,1
Sebastian Canacho,R. Pakenham,1
Stephen F. Austin,Fran. Pizarro Martinez,1
T. Dunlap,Richard G. Dunlap,1
T. Hartley Crawford,Andrew J. Donelson,1
T. Hartley Crawford,Wm. Armstrong,1
Terrells address,the King of France,1
Theodore Barbey,Ashbel Smith,1
Thos. Gales Forster,James S. Mayfield,1
Van Ness and Morris,Carrasco,1
Van Ness and Morris,Mariano Arista,1
Van Ness and Morris,Rafael Uribe,1
Van Zandt and Henderson,Anson Jones,1
Van Zandt and Henderson,Anson Jones,1
Van Zandt and Henderson,Anson Jones,1
Van Zandt and Henderson,Anson Jones,1
Viscount J. de Cramayel,Anson Jones,1
Viscount J. de Cramayel,Anson Jones,1
Viscount J. de Cramayel,Anson Jones,1
Viscount J. de Cramayel,Anson Jones,1
Viscount J. de Cramayel,Anson Jones,1
Viscount J. de Cramayel,Anson Jones,1
W. L. Marcy,David S. Kaufman,1
W. S. Murphy,Anson Jones,1
W. S. Murphy,Anson Jones,1
William Armstrong,T. H. Crawford,1
William Armstrong,T. H. Crawford,1
William D. Lee,Ebenezer Allen,1
William D. Lee,Ebenezer Allen,1
William D. Lee,Ebenezer Allen,1
William D. Lee,Ebenezer Allen,1
William D. Lee,James Buchanan,1
William D. Lee,James Buchanan,1
William Kennedy,Anson Jones,1
William Kennedy,Anson Jones,1
William Kennedy,Ashbel Smith,1
William M. Williams,David G. Burnet,1
William Scurlock,David G. Burnet,1
Williams, Thurston,1
Wm. Henry Daingerfield,Anson Jones,1
Wm. Henry Daingerfield,Anson Jones,1
Wm. Henry Daingerfield,Anson Jones,1
Wm. Henry Daingerfield,Anson Jones,1
Wm. Henry Daingerfield,Anson Jones,1
Wm. Henry Daingerfield,Anson Jones,1
Wm. Henry Daingerfield,Anson Jones,1
Wm. Henry Daingerfield,Anson Jones,1
Wm. Henry Daingerfield,Anson Jones,1
Wm. Henry Daingerfield,Anson Jones,1
Wm. Henry Daingerfield,Ashbel Smith,1
Wm. Henry Daingerfield,Ashbel Smith,1
Wm. Henry Daingerfield,Ashbel Smith,1
Wm. Henry Daingerfield,Ashbel Smith,1
Wm. Henry Daingerfield,Ashbel Smith,1
Wm. Henry Daingerfield,Baron Roenne,1
Wm. Henry Daingerfield,Count d Alviella,1
Wm. Henry Daingerfield,Ebenezer Allen,1
Wm. Henry Daingerfield,Ebenezer Allen,1
Wm. Henry Daingerfield,G. W. Terrell,1
Wm. Henry Daingerfield,G. W. Terrell,1
Wm. Henry Daingerfield,Lachlin M. Rate,1
Wm. Henry Daingerfield,Lachlin M. Rate,1
Wm. Henry Daingerfield,R. Sieveking,1
Wm. Henry Daingerfield,Secretary of State Jones,1
Wm. Henry Daingerfield,Secretary of State Jones,1
Wm. Henry Daingerfield,Senator Gildmeister,1
Wm. Henry Daingerfield,V. Rumpff,1
Wm. Henry Daingerfield,V. Rumpff,1
Wm. Henry Daingerfield,V. Rumpff,1
Wm. Pringle,Ashbel Smith,1
Wm. Pringle,Ashbel Smith,1
Wm. Pringle,Ashbel Smith,1
Wm. Pringle,Ashbel Smith,1
Wm. Sevey,James S. Mayfield,1
Wm. Wilkins,John C. Calhoun,1
Zachary Taylor,General R. Jones,1